{
  "Routes": [
    {
      // Login Api
      "DownstreamPathTemplate": "/api/user/getuserprofile",
      "DownstreamScheme": "http",
      "DownstreamHostAndPorts": [
        {
          "Host": "localhost",
          "Port": 61325
        }
      ],
      "UpstreamPathTemplate": "/user/getuserprofile",
      "UpstreamHttpMethod": [ "GET" ],

      "SwaggerKey": "user"
    },
    {
      "DownstreamPathTemplate": "/api/user/login",
      "DownstreamScheme": "http",
      "DownstreamHostAndPorts": [
        {
          "Host": "localhost",
          "Port": 61325
        }
      ],
      "UpstreamPathTemplate": "/user/login",
      "UpstreamHttpMethod": [ "POST" ],
      "SwaggerKey": "user"
    },
    {
      // Company Api
      "DownstreamPathTemplate": "/api/market/company/getall",
      "DownstreamScheme": "http",
      "DownstreamHostAndPorts": [
        {
          "Host": "localhost",
          "Port": 61338
        }
      ],
      "UpstreamPathTemplate": "/company/getall",
      "UpstreamHttpMethod": [ "GET" ],
      "AuthenticationOptions": {
        "AuthenticationProviderKey": "Bearer",
        "AllowedScopes": []
      },
      "SwaggerKey": "company"
    },
    {
      "DownstreamPathTemplate": "/api/market/company/getcompanybycode{everything}",
      "DownstreamScheme": "http",
      "DownstreamHostAndPorts": [
        {
          "Host": "localhost",
          "Port": 61338
        }
      ],
      "UpstreamPathTemplate": "/company/getcompanybycode{everything}",
      "UpstreamHttpMethod": [ "GET" ],
      "AuthenticationOptions": {
        "AuthenticationProviderKey": "Bearer",
        "AllowedScopes": []
      },
      "SwaggerKey": "company"
    },
    {
      "DownstreamPathTemplate": "/api/market/company/createcompany",
      "DownstreamScheme": "http",
      "DownstreamHostAndPorts": [
        {
          "Host": "localhost",
          "Port": 61338
        }
      ],
      "UpstreamPathTemplate": "/company/createcompany",
      "UpstreamHttpMethod": [ "POST" ],
      "AuthenticationOptions": {
        "AuthenticationProviderKey": "Bearer",
        "AllowedScopes": []
      },
      "SwaggerKey": "company"
    },
    {
      "DownstreamPathTemplate": "/api/market/company/deletecompany{everything}",
      "DownstreamScheme": "http",
      "DownstreamHostAndPorts": [
        {
          "Host": "localhost",
          "Port": 61338
        }
      ],
      "UpstreamPathTemplate": "/company/deletecompany{everything}",
      "UpstreamHttpMethod": [ "DELETE" ],
      "AuthenticationOptions": {
        "AuthenticationProviderKey": "Bearer",
        "AllowedScopes": []
      },
      "SwaggerKey": "company"
    },
    {
      "DownstreamPathTemplate": "/api/market/company/searchcompany{everything}",
      "DownstreamScheme": "http",
      "DownstreamHostAndPorts": [
        {
          "Host": "localhost",
          "Port": 61338
        }
      ],
      "UpstreamPathTemplate": "/company/searchcompany{everything}",
      "UpstreamHttpMethod": [ "GET" ],
      "AuthenticationOptions": {
        "AuthenticationProviderKey": "Bearer",
        "AllowedScopes": []
      },
      "SwaggerKey": "company"
    },
    // Stock Api
    {
      "DownstreamPathTemplate": "/api/market/stock/get/{everything}",
      "DownstreamScheme": "http",
      "DownstreamHostAndPorts": [
        {
          "Host": "localhost",
          "Port": 61340
        }
      ],

      "UpstreamPathTemplate": "/stock/get/{everything}",
      "UpstreamHttpMethod": [ "GET" ],
      "AuthenticationOptions": {
        "AuthenticationProviderKey": "Bearer",
        "AllowedScopes": []
      },
      "SwaggerKey": "stock"
    },
    {
      "DownstreamPathTemplate": "/api/market/stock/createstock",
      "DownstreamScheme": "http",
      "DownstreamHostAndPorts": [
        {
          "Host": "localhost",
          "Port": 61340
        }
      ],
      "UpstreamPathTemplate": "/stock/createstock",
      "UpstreamHttpMethod": [ "POST" ],
      "Authenticationoptions": {
        "Authenticationproviderkey": "Bearer",
        "AllowedScopes": []
      },
      "SwaggerKey": "stock"
    }
  ],
  "SwaggerEndPoints": [
    {
      "Key": "user",
      "Config": [
        {
          "Name": "User API",
          "Version": "v1",
          "Url": "http://localhost:61325/swagger/v1/swagger.json"
        }
      ]
    },
    {
      "Key": "company",
      "Config": [
        {
          "Name": "Company API",
          "Version": "v1",
          "Url": "http://localhost:61338/swagger/v1/swagger.json"
        }
      ]
    },
    {
      "Key": "stock",
      "Config": [
        {
          "Name": "Stock API",
          "Version": "v1",
          "Url": "http://localhost:61340/swagger/v1/swagger.json"
        }
      ]
    }
  ],
  "GlobalConfiguration": {
    "BaseUrl": "http://localhost:61406/",
    "Port": 80
  }
}
